date,PM2.5,PM10,O3,NO2,SO2,CO,AQI
1/1/2020,153,65,5,25,4,15,203
1/2/2020,118,44,6,21,3,10,183
1/3/2020,59,44,6,21,3,12,153
1/4/2020,70,46,6,18,2,9,158
1/5/2020,66,47,7,17,2,9,156
1/6/2020,63,51,6,22,2,13,159
1/7/2020,84,48,6,18,3,12,166
1/8/2020,62,49,6,22,4,11,154
1/9/2020,70,41,6,15,3,8,158
1/10/2020,52,42,6,12,3,9,142
1/11/2020,57,38,7,13,4,8,152
1/12/2020,61,77,4,19,8,14,176
1/13/2020,149,90,5,28,8,18,218
1/14/2020,171,37,6,13,3,7,221
1/15/2020,54,41,6,15,6,12,147
1/16/2020,60,36,8,13,5,8,153
1/17/2020,62,49,8,12,3,10,154
1/18/2020,97,36,10,10,3,7,172
1/19/2020,66,46,12,13,3,11,156
1/20/2020,92,67,7,20,4,15,193
1/21/2020,140,56,9,15,3,14,195
1/22/2020,111,31,12,9,2,7,180
1/23/2020,53,23,11,6,2,5,144
1/24/2020,43,19,17,5,2,4,119
1/25/2020,35,15,18,9,2,5,99
1/26/2020,23,24,15,9,3,5,74
1/27/2020,36,36,14,9,3,5,102
1/28/2020,62,46,14,7,3,5,154
1/29/2020,86,56,13,16,3,8,167
1/30/2020,115,57,9,26,5,10,182
1/31/2020,109,70,10,20,4,9,179
2/1/2020,142,83,12,15,4,10,196
2/2/2020,171,60,14,10,3,13,221
2/3/2020,124,15,18,1,3,5,186
2/4/2020,29,24,19,1,4,9,96
2/5/2020,46,58,6,6,4,15,193
2/6/2020,107,57,2,6,3,15,193
2/7/2020,108,33,2,18.8,4,8,178
2/8/2020,58,15,5,18.8,3,5,152
2/9/2020,27,43,3,18.8,7,11,126
2/10/2020,77,52,8,18.8,5,11,162
2/11/2020,99,57,4,26,4,14,176
2/12/2020,108,42,8,21,3,15,193
2/13/2020,81,30,14,16,3,12,164
2/14/2020,51,40,15,18,3,12,143
2/15/2020,62,27,15,12,4,4,154
2/16/2020,36,40,13,17,6,6,102
2/17/2020,64,52,14,28,15,8,155
2/18/2020,84,63,7,33,18,10,166
2/19/2020,116,86,6,25,8,11,182
2/20/2020,160,98,6,26,5,12,210
2/21/2020,189,82,16,30,5,16,239
2/22/2020,168,71,13,32,5,14,218
2/23/2020,137,51,12,25,4,9,193
2/24/2020,90,47,7,20,4,9,169
2/25/2020,81,42,5,29,4,13,164
2/26/2020,65,41,7,24,4,10,156
2/27/2020,66,33,7,18,3,9,156
2/28/2020,48,34,11,16,3,7,132
2/29/2020,47,32,12,15,3,8,129
3/1/2020,51,28,11,14,3,9,139
3/2/2020,43,22,11,15,3,6,119
3/3/2020,34,23,28,17,4,6,97
3/4/2020,38,31,8,13,4,9,107
3/5/2020,51,61,10,22,6,12,143
3/6/2020,112,45,9,21,4,12,180
3/7/2020,72,45,17,18,3,9,160
3/8/2020,76,54,33,18,3,9,162
3/9/2020,100,45,17,17,4,7,174
3/10/2020,70,52,15,28,6,12,158
3/11/2020,83,40,13,21,4,13,165
3/12/2020,71,40,14,14,4,11,159
3/13/2020,74,37,13,16,5,8,161
3/14/2020,60,51,10,18,6,9,153
3/15/2020,95,59,5,22,7,17,211
3/16/2020,121,31,11,21,4,16,204
3/17/2020,59,16,7,9,4,8,153
3/18/2020,32,17,7,8,4,6,93
3/19/2020,31,47,8,22,5,12,143
3/20/2020,80,31,16,13,4,9,164
3/21/2020,57,22,15,8,4,7,152
3/22/2020,40,27,14,11,4,10,112
3/23/2020,48,19,14,7,4,6,132
3/24/2020,31,17,14,7,4.32,5,91
3/25/2020,27,13,14,4,4.32,4,82
3/26/2020,23,19,17,5,4.32,7,76
3/27/2020,32,21,14,4,4.32,6,93
3/28/2020,34,14,46,2,4,4,97
3/29/2020,25,33.20689655,14.4137931,13.82758621,4.32,8.75862069,94
3/30/2020,57.5862069,33.20689655,14.4137931,13.82758621,4.32,8.75862069,152
3/31/2020,57.5862069,36,7,6,5,5,152
4/1/2020,65,28,5,3,5,6,156
4/2/2020,54,25,7,6,5,8,147
4/3/2020,48,15,6,2,5,4,132
4/4/2020,28,8,13,1,5,4,84
4/5/2020,14,18,11,6,5,6,66
4/6/2020,34,36,21,7,5,6,97
4/7/2020,69,46,17,12,5,9,158
4/8/2020,89,41,25,11,6,8,168
4/9/2020,76,33,23,11,6,8,162
4/10/2020,60,22,18,6,5,6,153
4/11/2020,42,17,22,5,5,4,117
4/12/2020,31,22,20,5,5,4,91
4/13/2020,42,26,38,6,6,5,117
4/14/2020,48,31,32,8,7,6,132
4/15/2020,57,26,17,6,4,8,152
4/16/2020,49,15,14,2,4,5,134
4/17/2020,28,14,17,3,4,5,84
4/18/2020,27,17,13,1,4,6,82
4/19/2020,33,13,14,3,34,5,95
4/20/2020,25,15,14,4,24,7,78
4/21/2020,24,10,13,5,15,8,86
4/22/2020,12,6,17,2,6,5,56
4/23/2020,7,6,16,2,10,4,45
4/24/2020,11,11,22,3,6,5,56
4/25/2020,15,10,18,3,6,5,57
4/26/2020,14,11,27,8,7,8,86
4/27/2020,17,44,37,11,16,8,86
4/28/2020,55,67,42,10,11,10,149
4/29/2020,99,48,24,5,6,8,173
4/30/2020,61,35,12,6,5,8,154
5/1/2020,49,40,23,3,5,6,134
5/2/2020,47,33,16,4,5,8,129
5/3/2020,41,36,21,7,5,8,115
5/4/2020,40,39,17,6,5,10,112
5/5/2020,47,37,13,4,5,10,129
5/6/2020,42,41,13,5,5,10,117
5/7/2020,51,40,17,5,5,9,139
5/8/2020,46,40,18,5,5,10,127
5/9/2020,52,39,25,4,5,7,142
5/10/2020,44,32,14,5,5,10,122
5/11/2020,37,25,14,5,5,9,105
5/12/2020,30,28,15,4,6,9,96
5/13/2020,32,23,19,4,6,8,93
5/14/2020,22,27,15,3,5,6,72
5/15/2020,32,29,18,2,6,7,93
5/16/2020,35,24,15,6.111111111,6,7,99
5/17/2020,26,28,30,6.111111111,6,9,96
5/18/2020,32,39,18,6.111111111,6,10,109
5/19/2020,49,32,17,6.111111111,6,10,134
5/20/2020,33,45,24,12,6,11,126
5/21/2020,44,41,15,10,6,9,122
5/22/2020,38,28,19,7,6,8,107
5/23/2020,37,37,17,8,6,9,105
5/24/2020,48,30,26,7,6,9,132
5/25/2020,34,21,20,4,7,5,97
5/26/2020,27,27,21,7,7,7,82
5/27/2020,35,47,24,9,8,10,109
5/28/2020,56,35,18,9,6,9,151
5/29/2020,41,31,19,9,6,9,115
5/30/2020,34,32,17,6,6,7,97
5/31/2020,28,29,16,11,7,11,126
6/1/2020,24,39,15,11,7,11,126
6/2/2020,41,32,31,7,6,9,115
6/3/2020,35,32,24,7,6,8,99
6/4/2020,36,36,24,11,6,10,109
6/5/2020,47,40,17,13,7,10,129
6/6/2020,51,42,18,13,8,8,139
6/7/2020,42,39,15,11,9,7,117
6/8/2020,36,50,26,16,10,9,102
6/9/2020,37,36,20,14,7,8,105
6/10/2020,33,31,17,13,7,9,96
6/11/2020,34,30,19,13,7,7,97
6/12/2020,29,28,17,12,7,7,87
6/13/2020,28,28,12,12,7,9,96
6/14/2020,35,25,12,16,6,11,126
6/15/2020,35,26,16,11,1,6,99
6/16/2020,21,30,13,11,2,6,70
6/17/2020,22,25,11,11,1,7,76
6/18/2020,18,24,12,13,1,8,86
6/19/2020,20,23,20,10,1,5,68
6/20/2020,21,27,23,10,1,4,70
6/21/2020,24,28,18,13,1,7,76
6/22/2020,21,33,22,17,2,7,76
6/23/2020,22,36,16,18,1,8,86
6/24/2020,23,43,20,19,2,10,109
6/25/2020,50,30,18,11,1,6,137
6/26/2020,23,27,27,12,1,4,74
6/27/2020,20,27,23,11,1,4,68
6/28/2020,23,31,18,15,3,9,96
6/29/2020,28,31,26,17,1,8,86
6/30/2020,30,32,17,17,2,11,126
7/1/2020,33,30,17,17,2,11,126
7/2/2020,32,24,18,14,2,10,109
7/3/2020,24,19,17,15,2,10,109
7/4/2020,24,21,16,11,2,8,86
7/5/2020,23,20,19,9,2,6,74
7/6/2020,20,26,23,10,2,6,68
7/7/2020,27,27,18,11,2,7,82
7/8/2020,24,32,18,10,2,7,76
7/9/2020,23,35,18,11,2,8,86
7/10/2020,22,43,18,13,4,10,109
7/11/2020,29,37,20,13,2,10,109
7/12/2020,34,34,24,14,2,8,97
7/13/2020,32,29,31,17,2,8,93
7/14/2020,31,27,24,11,2,6,91
7/15/2020,27,25,22,7,2,6,82
7/16/2020,24,26,22,8,2,6,76
7/17/2020,22,27,23,8,2,5,72
7/18/2020,24,28,22,8,2,5,76
7/19/2020,26,24,20,9,2,10,109
7/20/2020,29,24,14,6,4,7,87
7/21/2020,27,21,14,5,3,6,82
7/22/2020,20,21,14,11,3,6,68
7/23/2020,19,24,14,11,3,8,86
7/24/2020,25,25,16,11,3,6,78
7/25/2020,21,21,15,11,3,6,70
7/26/2020,23,42,15,11,4,10,109
7/27/2020,51,53,28,11,4,12,143
7/28/2020,76,44,16,11,3,13,162
7/29/2020,54,37,15,12,3,11,147
7/30/2020,44,33,16,16,3,9,122
7/31/2020,43,24,14,9,3,4,119
8/1/2020,31,10,13,6,3,4,91
8/2/2020,15,20,13,10,4,12,143
8/3/2020,32,19,12,9,4,13,159
8/4/2020,27,20,13,10,3,15,193
8/5/2020,29,13,12,8,3,13,159
8/6/2020,20,15,12,6,3,14,176
8/7/2020,21,20,13,6,3,21,238
8/8/2020,24,19,13,8,3,21,238
8/9/2020,23,24,17,14,3,21,238
8/10/2020,26,19,8,19,4,11,126
8/11/2020,14,21,12,12,4,10,109
8/12/2020,23,13,12,11,3,9,96
8/13/2020,17,13,11,7,4,10,109
8/14/2020,19,16,6,8,4,10,109
8/15/2020,22,32,6,9,4,9,96
8/16/2020,43,13,6,9,4,10,119
8/17/2020,19,8,11.1875,8,4,11,126
8/18/2020,13,21,11.1875,12,4,14,176
8/19/2020,28,30,11.1875,12,4,8,86
8/20/2020,41,19,11.1875,17,4,14,176
8/21/2020,23,19,11.1875,11,4,7,76
8/22/2020,26,24,11.1875,10,4,8,86
8/23/2020,32,22,11.1875,12,4,9,96
8/24/2020,26,19,11.1875,9,4,7,80
8/25/2020,21,26,11.1875,13,4,7,76
8/26/2020,30,39,11.1875,16,4,7,89
8/27/2020,50,30,11.1875,15,4,11,137
8/28/2020,38,26,11.1875,15,4,9,107
8/29/2020,32,30,11.1875,17,5,8,93
8/30/2020,37,32,11.1875,14,5,9,105
8/31/2020,40,32,11.1875,18,5,9,112
9/1/2020,40,51,11.1875,15,4,7,112
9/2/2020,76,48,11.1875,21,4,11,162
9/3/2020,71,38,11.1875,18,4,12,159
9/4/2020,55,28,11.1875,12,4,7,149
9/5/2020,35,23,11.1875,13,4,7,99
9/6/2020,28,12,11.1875,12,4,7,84
9/7/2020,17,36,11.1875,19,5,12,143
9/8/2020,47,23,11.1875,14,6,11,129
9/9/2020,30,24,11.1875,10,5,11,126
9/10/2020,31,23,11.1875,15,5,12,143
9/11/2020,28,22,11.1875,11,4,11,126
9/12/2020,28,17,11.1875,9,4,9,96
9/13/2020,25,18,11.1875,10,5,13,159
9/14/2020,23,18,11.1875,9,5,10,109
9/15/2020,22,21,11.1875,10,5,11,126
9/16/2020,25,28,11.1875,14,5,12,143
9/17/2020,33,12,11.1875,6,5,3,95
9/18/2020,15,12,11.1875,7,5,5,57
9/19/2020,18,24,11.1875,9,5,10,109
9/20/2020,36,28,11.1875,10,6,12,143
9/21/2020,40,14,11.1875,8,5,11,126
9/22/2020,19,20,11.1875,9,6,12,143
9/23/2020,27,14,11.1875,10,5,7,82
9/24/2020,19,27,11.1875,13,6,10,109
9/25/2020,37,16,11.1875,10,5,9,105
9/26/2020,22,13,11.1875,6,5,6,72
9/27/2020,20,22,11.1875,15,5,10,109
9/28/2020,32,31,11.1875,16,5,11,126
9/29/2020,44,22,11.1875,13,5,12,143
9/30/2020,28,16,11.1875,13,5,14,176
10/1/2020,22,26,11.1875,17,6,13,159
10/2/2020,37,28,11.1875,13,6,15,193
10/3/2020,40,21,11.1875,9,6,10,112
10/4/2020,33,20,11.1875,8,6,15,193
10/5/2020,28,22,11.1875,1,6,5,84
10/6/2020,33,15,11.1875,13.8,6,5,95
10/7/2020,20,19,11.1875,8,6,4,68
10/8/2020,27,16,11.1875,8,6,5,82
10/9/2020,21,22,11.1875,9,7,4,70
10/10/2020,32,24,11.1875,10,7,4,93
10/11/2020,39,39,11.1875,17,8,8,110
10/12/2020,60,38,11.1875,17,8,6,153
10/13/2020,56,14,11.1875,8,6,4,151
10/14/2020,26,9,11.1875,8,6,5,80
10/15/2020,16,12,11.1875,8,6,5,59
10/16/2020,18,13,11.1875,10,7,4,63
10/17/2020,15,16,11.1875,10,7,5,57
10/18/2020,26,20,11.1875,12,7,6,80
10/19/2020,28,20,11.1875,14,9,5,84
10/20/2020,25,21,11.1875,15,8,6,78
10/21/2020,25,36,11.1875,20,10,7,78
10/22/2020,46,51,11.1875,27,10,12,143
10/23/2020,75,53,11.1875,29,11,11,161
10/24/2020,80,48,11.1875,19,9,7,164
10/25/2020,76,33,11.1875,17,7,6,162
10/26/2020,55,37,11.1875,23,7,12,149
10/27/2020,57,38,11.1875,15,7,8,152
10/28/2020,60,25,11.1875,12,7,5,153
10/29/2020,44,13,11.1875,13,7,7,122
10/30/2020,24,23,11.1875,15,7,10,109
10/31/2020,35,47,11.1875,22,8,11,126
11/1/2020,74,37,15.5,18,8,10,161
11/2/2020,62,19,15.5,14,9,6,154
11/3/2020,26,36,14,22,6,11,126
11/4/2020,56,54,15,34,3,14,176
11/5/2020,91,59,13,31,2,14,176
11/6/2020,112,31,18,17,2,9,180
11/7/2020,53,26,25,18,3,7,144
11/8/2020,47,32,29,24,5,8,129
11/9/2020,54,38,30,25,7,8,147
11/10/2020,65,40,26,30,7,11,156
11/11/2020,60,45,39,31,5,11,153
11/12/2020,73,41,34,30,5,10,160
11/13/2020,66,39,31,24,5,8,156
11/14/2020,67,26,21,14,1,6,157
11/15/2020,49,23,3,12,1,10,134
11/16/2020,45,23,6,15,1,13,159
11/17/2020,37,22,5,13,1,10,109
11/18/2020,30,26,4,13,1,12,143
11/19/2020,36,25,4,13,1,11,126
11/20/2020,35,19,5,12,1,6,99
11/21/2020,26,23,6,14,1,6,80
11/22/2020,34,31,5,19,1,10,109
11/23/2020,38,32,4,24,2,9,107
11/24/2020,47,37,8,28,2,8,129
11/25/2020,60,34,5,29,1,8,153
11/26/2020,50,35,18,24,2,7,137
11/27/2020,59,25,12,14,2,5,153
11/28/2020,44,20,18,14,2,4,122
11/29/2020,34,27,21,20,3,5,97
11/30/2020,46,40,15,27,6,7,127
12/1/2020,70,46,12,27,4,8,158
12/2/2020,84,37,13,20,3,7,166
12/3/2020,70,23,15,18,3,6,158
12/4/2020,42,27,16,19,3,6,117
12/5/2020,50,43,19,26,4,7,137
12/6/2020,82,50,26,25,4,7,165
12/7/2020,100,40,17,26,4,8,174
12/8/2020,78,50,14,34,4,11,163
12/9/2020,103,55,24,38,6,11,176
12/10/2020,113,49,16,32,4,12,181
12/11/2020,103,37,13,28,4,9,176
12/12/2020,73,32,8,21,2,8,160
12/13/2020,63,26,5,16,2,8,155
12/14/2020,49,13,5,11,1,7,134
12/15/2020,25,13,6,9,2,6,78
12/16/2020,26,17,7,8,1,5,80
12/17/2020,34,20,8,8,1,5,97
12/18/2020,38,24,15,11,2,5,107
12/19/2020,47,26,20,12,3,4,129
12/20/2020,50,34,25,18,4,7,137
12/21/2020,66,48,25,28,4,9,156
12/22/2020,96,48,12,30,8,11,172
12/23/2020,98,37,16,23,4,9,173
12/24/2020,74,51,13,32,8,13,161
12/25/2020,107,48,5,28,6,13,178
12/26/2020,95,50,3,17,3,12,171
12/27/2020,102,27,6,16,2,12,175
12/28/2020,54,17,6,17,2,10,147
12/29/2020,33,24,14,16,3,9,96
12/30/2020,43,31,17,24,6,9,119
12/31/2020,58,43,29,23,6,10,152
1/1/2021,86,66,30,26,7,11,167
1/2/2021,143,63,18,23,7,9,196
1/3/2021,136,62,22,26,8,10,193
1/4/2021,138,72,12,27,7,14,194
1/5/2021,154,57,15,16,4,10,204
1/6/2021,125,49,7,15,4,10,187
1/7/2021,106,14,11,8,2,8,177
1/8/2021,29,22,12,11,4,6,87
1/9/2021,43,26,13,13,4,6,119
1/10/2021,52,32,17,14,4,7,142
1/11/2021,62,31,22,22,5,12,154
1/12/2021,60,50,17,28,10,14,176
1/13/2021,103,57,23,31,13,12,176
1/14/2021,122,62,4,30,6,17,211
1/15/2021,138,60,4,25,10,15,194
1/16/2021,135,47,12,13,4,8,192
1/17/2021,100,36,23,18,4,10,174
1/18/2021,73,42,16,27,7,13,160
1/19/2021,87,48,8,27,8,15,193
1/20/2021,100,68,4,15,4,18,218
1/21/2021,141,63,9,21.46428571,4,17,211
1/22/2021,133,63,6,21.46428571,4,14,191
1/23/2021,133,49,14,21.46428571,4,11,191
1/24/2021,102,35,7,25,3,14,176
1/25/2021,60,28,8,20,2,12,153
1/26/2021,39,24,10,23,3,12,143
1/27/2021,32,25,5,18,3,11,126
1/28/2021,37,36,2,18,5,10,109
1/29/2021,61,55,2,37,6,21,238
1/30/2021,101,51,3,23,8,15,193
1/31/2021,95,40,3,22,7,12,171
2/1/2021,57,36,7,26,9,12,152
2/2/2021,53,38,17,32,9,10,144
2/3/2021,55,41,15,37,9,13,159
2/4/2021,65,40,12,38,9,12,156
2/5/2021,62,39,18,35,9,10,154
2/6/2021,62,38,15,34,10,10,154
2/7/2021,62,37,19,25,9,8,154
2/8/2021,65,13,23,18,6,6,156
2/9/2021,26,33,25,24,9,10,109
2/10/2021,61,25,35,22,8,7,154
2/11/2021,46,25,30,21,8,6,127
2/12/2021,47,23,35,22,8,6,129
2/13/2021,43,21,28,25,8,6,119
2/14/2021,38,25,19,24,8,7,107
2/15/2021,48,28,16,24,8,7,132
2/16/2021,53,25,17,20,8,7,144
2/17/2021,46,33,16,13,10,9,127
2/18/2021,60,42,24,13,11,13,159
2/19/2021,77,37,34,11,11,8,162
2/20/2021,70,29,35,10,10,6,158
2/21/2021,52,23,17,10,8,8,142
2/22/2021,42,23,16,8,7,10,117
2/23/2021,43,19,21,1,6,5,119
2/24/2021,32,21,12,1,6,6,93
2/25/2021,34,20,8,2,6,10,109
2/26/2021,33,26,7,1,6,7,95
2/27/2021,47,26,5,2,7,10,129
2/28/2021,51,23,6,6,7,15,193
3/1/2021,44,22,7,16,7,10,122
3/2/2021,35,36,7,16,7,12,143
3/3/2021,65,30,7,15,7,13,159
3/4/2021,59,19,6,16,7,16,204
3/5/2021,37,20,12,16,7,11,126
3/6/2021,38,20,14,16,7,9,107
3/7/2021,37,20,13,16,7,13,159
3/8/2021,39,10,8,15,7,7,110
3/9/2021,21,10,12,15,7,6,70
3/10/2021,20,11,10,15,7,8,86
3/11/2021,22,11,12,16,7,8,86
3/12/2021,20,12,10,16,7,11,126
3/13/2021,24,12,16,16,7,8,86
3/14/2021,24,8,15,15,7,6,76
3/15/2021,16,9,12,15,7,10,109
3/16/2021,17,8,11,15,7,8,86
3/17/2021,16,7,10,15,7,11,126
3/18/2021,15,5,10,14,7,8,86
3/19/2021,10,3,11,14,7,9,96
3/20/2021,7,3,16,14,7,5,56
3/21/2021,5,33,19,15,7,6,66
3/22/2021,51,61,24,17,9,8,139
3/23/2021,81,63,9,18,11,12,164
3/24/2021,101,58,11,18,8,17,211
3/25/2021,113,34,9,16,7,10,181
3/26/2021,59,22,9,15,7,8,153
3/27/2021,38,25,7,15,7,10,109
3/28/2021,42,39,11,15,7,11,126
3/29/2021,63,43,14,16,7,14,176
3/30/2021,67,49,13,16,7,13,159
3/31/2021,74,37,15,15,7,12,161
4/1/2021,54,28,16,15,7,12,147
4/2/2021,44,34,16,15,8,11,126
4/3/2021,53,43,16,16,8,11,144
4/4/2021,66,41,9,16,8,14,176
4/5/2021,63,44,22,16,8,10,155
4/6/2021,70,31,20,16,7,9,158
4/7/2021,44,32,18,15,8,10,122
4/8/2021,44,30,10,15,8,7,122
4/9/2021,46,43,9,14,8,9,127
4/10/2021,77,44,13,15,8,10,162
4/11/2021,78,28,16,14,8,5,163
4/12/2021,37,23,18,15,8,7,105
4/13/2021,33,24,18,14,8,7,95
4/14/2021,33,24,21,14,8,8,95
4/15/2021,35,26,21,14,8,8,99
4/16/2021,36,20,18,14,7,6,102
4/17/2021,33,35,9,15,9,9,96
4/18/2021,57,27,16,15,8,8,152
4/19/2021,41,21,22,14,8,5,115
4/20/2021,28,22,24,13,7,4,84
4/21/2021,29,24,25,14,8,6,87
4/22/2021,31,23,24,14,8,6,91
4/23/2021,32,27,24,14,8,5,93
4/24/2021,39,32,26,15,8,9,110
4/25/2021,54,27,22,16,8,9,147
4/26/2021,48,22,10,16,10,9,132
4/27/2021,32,22,16,15,9,6,93
4/28/2021,36,15,38,16,9,5,102
4/29/2021,19,29,18.46428571,14.82142857,8.035714286,8.035714286,86
4/30/2021,44.55172414,29,18.46428571,14.82142857,8.035714286,8.035714286,123
5/1/2021,23.62962963,17.34482759,26.48275862,14.34482759,8.344827586,5.034482759,75
5/2/2021,23.62962963,17.34482759,26.48275862,14.34482759,8.344827586,5.034482759,75
5/3/2021,23.62962963,19,18,14,7,4,75
5/4/2021,24,18,25,16,8,7,76
5/5/2021,29,30,24,16,8,7,87
5/6/2021,40,27,22,15,8,6,112
5/7/2021,39,25,21,14,8,5,110
5/8/2021,33,20,23,14,8,4,95
5/9/2021,28,23,25,14,8,4,84
5/10/2021,34,25,32,15,8,7,97
5/11/2021,36,23,25,15,8,6,102
5/12/2021,32,23,26,15,8,5,93
5/13/2021,36,16,24,15,8,4,102
5/14/2021,24,17,25,13,8,3,76
5/15/2021,24,20,31,13,8,4,76
5/16/2021,29,16,31,13,8,4,87
5/17/2021,22,14,30,13,8,4,72
5/18/2021,18,19,24,14,8,5,63
5/19/2021,24,19,29,15,8,6,76
5/20/2021,24,19,27,14,8,5,76
5/21/2021,26,17,33,13,9,4,80
5/22/2021,24,16,40,13,9,4,76
5/23/2021,22,9,35,16,9,4,72
5/24/2021,14,8,15,14,9,5,56
5/25/2021,7,8,24,14,9,6,66
5/26/2021,7,8,25,14,9,6,66
5/27/2021,7,7,24,15,9,6,66
5/28/2021,23.62962963,9,24,14,9,4,75
5/29/2021,7,7,32,14,9,5,56
5/30/2021,8,19,29,16,9,6,66
5/31/2021,20,22,25,15,9,6,68
6/1/2021,24,25,32,15,9,6,76
6/2/2021,31,25,30,14,9,6,91
6/3/2021,32,19,22,15,10,3,93
6/4/2021,23,31,35,16,12,6,74
6/5/2021,44,49,27,16,10,7,122
6/6/2021,84,24,24,17,10,7,166
6/7/2021,38,18,24,17,10,7,107
6/8/2021,30,16,23,18,9,7,89
6/9/2021,26,16,25,17,10,10,109
6/10/2021,23,17,25,18,9,9,96
6/11/2021,22,16,22,15,10,4,72
6/12/2021,25,7,22,14,10,4,78
6/13/2021,10,11,23,15,10,5,56
6/14/2021,13,16,23,16,10,7,76
6/15/2021,16,16,24,16,8,7,76
6/16/2021,19,9,29,16,5,7,76
6/17/2021,7,15,31,16,7,6,66
6/18/2021,13,14,26,15,7,5,56
6/19/2021,13,19,22,14,7,5,56
6/20/2021,16,23,27,14,7,6,66
6/21/2021,21,25,29,14,7,5,70
6/22/2021,32,14,24,13,7,6,93
6/23/2021,18,20,23,14,7,10,109
6/24/2021,27,22,21,13,7,10,109
6/25/2021,27,16,23,11,8,7,82
6/26/2021,18,14,22,11,7,5,63
6/27/2021,16,16,22,11,7,6,66
6/28/2021,12,17,20,11,8,7,76
6/29/2021,14,16,21,11,8,6,66
6/30/2021,14,17,20,11,7,5,56
7/1/2021,14,15,19,11,8,5,56
7/2/2021,12,17,23,10,8,5,56
7/3/2021,18,15,22,10,8,6,66
7/4/2021,18,11,21,11,8,7,76
7/5/2021,13,16,25,11,8,9,96
7/6/2021,19,16,21,11,8,6,66
7/7/2021,22,9,20,11,7,10,109
7/8/2021,14,11,17,11,8,7,76
7/9/2021,15,14,17,11,8,7,76
7/10/2021,18,12,17,11,8,5,63
7/11/2021,16,13,18,17,9,5,59
7/12/2021,17,12,18,16,9,3,61
7/13/2021,16,12,18,16,9,4,59
7/14/2021,16,10,18,17,8,5,59
7/15/2021,13,15,18,21,9,7,76
7/16/2021,19,15,17,21,9,5,66
7/17/2021,19,12,19,21,8,6,66
7/18/2021,18,23,16,26,9,8,86
7/19/2021,35,20,26,22,8,5,99
7/20/2021,33,12,24,18,8,4,95
7/21/2021,20,22,20,23,8,7,76
7/22/2021,35,10,18,17,8,6,99
7/23/2021,18,13,19,13,8,4,63
7/24/2021,21,15,28,14,8,3,70
7/25/2021,23,13,40,12,8,3,74
7/26/2021,21,9,29,12,8,3,70
7/27/2021,14,13,28,13,8,3,55
7/28/2021,22,18,28,14,8,4,72
7/29/2021,34,21,32,16,8,4,97
7/30/2021,38,14,31,17,9,3,107
7/31/2021,24,6,22,11,8,2,76
8/1/2021,10,12,29,20,9,3,42
8/2/2021,20,15,39,21,9,3,68
8/3/2021,26,21,37,12,9,4,80
8/4/2021,39,21,34,15,9,4,110
8/5/2021,38,23,26,14,9,4,107
8/6/2021,41,13,29,13,10,3,115
8/7/2021,22,24,25,14,9,4,72
8/8/2021,44,41,24,16,9,5,122
8/9/2021,77,16,20,17,9,4,162
8/10/2021,32,19,20,13,9,4,93
8/11/2021,36,21,21,15,9,4,102
8/12/2021,41,23,20,16,10,4,115
8/13/2021,42,26,23,13,9,3,117
8/14/2021,50,9,21,14,9,3,137
8/15/2021,22,14,22,15,9,4,72
8/16/2021,17,1,24,11,9,3,61
8/17/2021,2,1,22,14,9,3,34
8/18/2021,2,53,21,15,10,3,49
8/19/2021,84,22,24,13,9,3,166
8/20/2021,40,33,25,11,9,2,112
8/21/2021,57,62,24,9,9,2,152
8/22/2021,116,20,24,14,10,3,182
8/23/2021,28,17,22,14,9,4,84
8/24/2021,26,10,20,11,9,3,80
8/25/2021,15,11,19,14,9,4,57
8/26/2021,16,10,21,14,10,3,59
8/27/2021,16,8,25,13,9,2,59
8/28/2021,13,19.33333333,31,13,11,2,53
8/29/2021,33.53333333,7,23,11,10,3,96
8/30/2021,15,12,27,15,9,3,57
8/31/2021,19,15,35,15,10,3,66
9/1/2021,23,13,28,10,9,2,74
9/2/2021,22,17,27,12,10,3,72
9/3/2021,27,12,28,11,9,3,82
9/4/2021,21,7,21,11,9,3,70
9/5/2021,11,14,36,14,9,3,46
9/6/2021,22,19,20,15,9,4,72
9/7/2021,32,12,20,13,9,4,93
9/8/2021,20,4,27,14,9,4,68
9/9/2021,7,10,36,15,9,5,56
9/10/2021,16,16,59,14,9,4,64
9/11/2021,26,26,105,14,10,4,200
9/12/2021,42,27,36,15,9,5,117
9/13/2021,44,15,22,14,9,4,122
9/14/2021,26,12,19,16,9,5,80
9/15/2021,19,16,19,19,9,7,76
9/16/2021,25,9,20,15,9,6,78
9/17/2021,14,12,19,14,10,4,55
9/18/2021,19,12,20,11,9,3,66
9/19/2021,19,19,33,15,10,4,66
9/20/2021,31,24,29,20,11,7,91
9/21/2021,38,19,19,21,12,6,107
9/22/2021,29,17,26,21,11,6,87
9/23/2021,28,15,17,14,10,4,84
9/24/2021,25,11,18,15,9,6,78
9/25/2021,19,15,21,14,9,5,66
9/26/2021,27,14,34,19,9,7,82
9/27/2021,22,23,37,19,10,6,72
9/28/2021,36,27,56,22,11,7,102
9/29/2021,44,23,48,21,11,7,122
9/30/2021,37,20,20,21,11,8,105
10/1/2021,33,18,19,16,10,6,95
10/2/2021,29,23,32,19,10,7,87
10/3/2021,36,16,31,21,10,8,102
10/4/2021,27,17,26,21,10,7,82
10/5/2021,27,51,35,22,10,7,82
10/6/2021,89,53,44,21,10,8,168
10/7/2021,99,38,42,16,10,4,173
10/8/2021,65,25,22,13,10,4,156
10/9/2021,43,9,22,6,9,2,119
10/10/2021,17,10,19,11,9,4,61
10/11/2021,19,15,32,9,10,3,66
10/12/2021,23,16,13,13,10,3,74
10/13/2021,24,9,15,9,9,2,76
10/14/2021,15,9,12,11,9,3,57
10/15/2021,16,10,17,11,9,4,59
10/16/2021,18,9,16,10,10,3,63
10/17/2021,14,11,9,12,10.03333333,4,55
10/18/2021,21,30,12,25,9,10,109
10/19/2021,51,43,21,28,10,9,139
10/20/2021,80,26,17,14,10,5,164
10/21/2021,43,17,23,13,10,4,119
10/22/2021,26,36,36,22,10,5,80
10/23/2021,61,42,43,20,10,5,154
10/24/2021,73,51,56,33,11,11,160
10/25/2021,93,67,66,39,14,11,170
10/26/2021,130,56,66,35,11,10,189
10/27/2021,107,55,21,27,11,7,178
10/28/2021,109,18,21,17,10,5,179
10/29/2021,35,10,18,11,10,4,99
10/30/2021,19,22,13,13,10,6,66
10/31/2021,41,15,9,14,10,6,115
11/1/2021,29,21,8,15,10,7,87
11/2/2021,39,36,11,27,11,12,143
11/3/2021,63,28,13,23,10,7,155
11/4/2021,45,27,13,19,10,5,124
11/5/2021,43,27,8,19,10,5,119
11/6/2021,41,30,9,20,10,7,115
11/7/2021,46,20,14,11,10,3,127
11/8/2021,34,39,19,23,12,5,97
11/9/2021,63,36,22,23,11,5,155
11/10/2021,62,52,23,30,12,7,154
11/11/2021,96,53,24,24,13,5,172
11/12/2021,99,39,25,19,11,4,173
11/13/2021,69,57,27,25,12,7,158
11/14/2021,116,66,16,40,16,9,182
11/15/2021,133,71,9,35,13,8,191
11/16/2021,152,52,8,18,11,6,202
11/17/2021,110,21,16,12,10,4,179
11/18/2021,37,57,9,41,13,13,159
11/19/2021,111,51,10,22,10,7,180
11/20/2021,102,34,10,17,10,5,175
11/21/2021,57,24,13,14,11,4,152
11/22/2021,36,30,13,13,10,3,102
11/23/2021,51,38,15,16,11,6,139
11/24/2021,64,51,11,27,11,9,155
11/25/2021,96,57,16,27,11,8,172
11/26/2021,115,54,28,23,12,5,182
11/27/2021,104,74,8,24,14,7,176
11/28/2021,157,55,27,53,12,17,211
11/29/2021,103,53,23,25,16,6,176
11/30/2021,100,46,26,27,13,7,174
12/1/2021,86,61,29,34,15,9,167
12/2/2021,124,64,26,41,13,14,186
12/3/2021,129,53,26,50,14,16,204
12/4/2021,108,61,30,39,13,9,178
12/5/2021,132,70,29,41,13,12,190
12/6/2021,144,71,24,42,17,10,197
12/7/2021,144,73,22,48,17,11,197
12/8/2021,149,73,17,31,12,7,199
12/9/2021,154,75,20,34,14,8,204
12/10/2021,153,62,17,39,11,10,203
12/11/2021,128,61,24,25,12,7,188
12/12/2021,124,34,14,22,12,7,186
12/13/2021,64,65,38,34,13,10,155
12/14/2021,141,69,14,45,16,13,195
12/15/2021,150,62,17,43,12,15,200
12/16/2021,131,57,17,27,12,8,190
12/17/2021,114,39,18,20,12,5,181
12/18/2021,74,55,14,26,13,6,161
12/19/2021,113,62,17,28,15,7,181
12/20/2021,130,57,15,32,12,8,189
12/21/2021,115,74,17,41,12,10,182
12/22/2021,152,55,15,41,14,9,202
12/23/2021,116,51,13,40,14,11,182
12/24/2021,109,52,10,38,14,10,179
12/25/2021,114,49,10,27,15,7,181
12/26/2021,98,17,3,12,11,5,173
12/27/2021,32,20,11,18,12,5,93
12/28/2021,37,32,6,18,12,5,105
12/29/2021,57,41,11,15,11,5,152
12/30/2021,73,54,7,18,11,7,160
12/31/2021,102,65,7,16,13,6,175
1/1/2022,137,58,14,25,12,9,193
1/2/2022,103,95,8,35,12,11,176
1/3/2022,179,98,13,42,12,14,229
1/4/2022,174,58,8,34,12,10,224
1/5/2022,102,45,8,27,12,8,175
1/6/2022,74,51,12,33,13,8,161
1/7/2022,87,55,11,31,14,8,167
1/8/2022,102,48,5,15,12,6,175
1/9/2022,90,41,4,13,11,7,169
1/10/2022,80,41,12,23,12,8,164
1/11/2022,71,62,4,38,16,13,159
1/12/2022,119,58,6,23,13,7,184
1/13/2022,116,74,3,37,16,13,182
1/14/2022,153,69,5,33,12,11,203
1/15/2022,144,61,6,28,12,11,197
1/16/2022,124,18,6,12,11,5,186
1/17/2022,33,45,19,26,13,9,96
1/18/2022,78,53,17,29,14,8,163
1/19/2022,97,57,7,36,13,11,172
1/20/2022,114,62,3,34,15,10,181
1/21/2022,131,56,4,30,12,12,190
1/22/2022,112,54,7,28,12,11,180
1/23/2022,102,34,7,27,12,9,175
1/24/2022,59,29,7,22,11,9,153
1/25/2022,54,27,7,24,11,9,147
1/26/2022,49,26,8,21,11,7,134
1/27/2022,47,28,10,21,11,6,129
1/28/2022,47,32,9,15,11,7,129
1/29/2022,59,27,10,12,11,7,153
1/30/2022,51,20,12,8,11,5,139
1/31/2022,37,19,12,6,11,4,105
2/1/2022,36,13,9,6,11,4,102
2/2/2022,25,18,14,8,11,4,78
2/3/2022,33,31,16,11,11,5,95
2/4/2022,57,41,16,17,11,5,152
2/5/2022,79,51,13,18,11,7,163
2/6/2022,104,50,9,19,12,7,176
2/7/2022,99,28,6,19,11,8,173
2/8/2022,58,11,5,12,11,6,152
2/9/2022,21,22,4,17,12,6,70
2/10/2022,42,36,4,23,12,9,117
2/11/2022,70,28,4,15,12,7,158
2/12/2022,55,12,7,10,11,4,149
2/13/2022,24,28,11,23,12,8,86
2/14/2022,54,48,7,26,15,8,147
2/15/2022,95,54,4,25,12,11,171
2/16/2022,106,52,4,39,12,12,177
2/17/2022,101,33,4,29,12,11,174
2/18/2022,61,8,11,11,11,4,154
2/19/2022,15,9,14,9,11,3,57
2/20/2022,17,14,13,12,11,4,61
2/21/2022,27,16,12,10,11,4,82
2/22/2022,29,29,17,16,12,4,87
2/23/2022,52,49,19,23,13,5,142
2/24/2022,85,72,17,36,14,7,166
2/25/2022,137,78,19,39,15,8,193
2/26/2022,154,89,23,35,13,8,204
2/27/2022,172,75,15,37,14,9,222
2/28/2022,146,63,14,37,13,9,198
3/1/2022,130,55,15,34,13,9,189
3/2/2022,110,54,9,30,14,8,179
3/3/2022,105,35,7,25,12,8,177
3/4/2022,60,33,5,26,12,8,153
3/5/2022,60,28,5,22,12,7,153
3/6/2022,51,30,14,32,12,13,159
3/7/2022,52,44,19,34,12,9,142
3/8/2022,84,38,15,34,13,7,166
3/9/2022,61,31,7,32,13,7,154
3/10/2022,51,30,7,33,12,8,139
3/11/2022,50,23,8,21,12,4,137
3/12/2022,38,22,7,23,12,5,107
3/13/2022,36,25,7,27,12,8,102
3/14/2022,41,52,11,35,12,9,115
3/15/2022,93,40,7,26,12,7,170
3/16/2022,69,36,8,24,12,9,158
3/17/2022,61,51,9,29,13,10,154
3/18/2022,93,34,8,21,12,7,170
3/19/2022,59,39,7,16,12,4,153
3/20/2022,64,41,9,21,12,7,155
3/21/2022,70,40,11,25,12,9,158
3/22/2022,69,17,9,15,12,4,158
3/23/2022,32,40,7,24,13,9,96
3/24/2022,70,38,6,28,12,11,158
3/25/2022,69,51,19,27,12,9,158
3/26/2022,94,29,9,21,14,5,171
3/27/2022,50,36,7,28,13,8,137
3/28/2022,62,53,3,39,16,12,154
3/29/2022,99,49,6,31,13,10,173
3/30/2022,98,28,10,30,13,9,173
3/31/2022,51,6,18,12,12,3,139
4/1/2022,13,11,23,14,13,3,53
4/2/2022,18,27,24,20,14,5,63
4/3/2022,45,44,21,33,16,6,124
4/4/2022,77,56,27,36,17,7,162
4/5/2022,103,61,36,38,15,9,176
4/6/2022,121,57,29,31,17,7,185
4/7/2022,115,54,35,41,18,9,182
4/8/2022,109,36,21,30,14,6,179
4/9/2022,66,24,13,26,13,6,156
4/10/2022,46,26,6,29,13,9,127
4/11/2022,50,21,6,21,12,6,137
4/12/2022,39,23,17,28,15,8,110
4/13/2022,44,23,8,26,13,8,122
4/14/2022,44,21,8,21,12,7,122
4/15/2022,41,14,7,23,12,6,115
4/16/2022,27,12,4,12,12,4,82
4/17/2022,25,10,6,16,12,5,78
4/18/2022,18,20,19,21,15,6,66
4/19/2022,39,35,19,29,17,11,126
4/20/2022,66,35,18,27,17,11,156
4/21/2022,68,18,9,17,15,6,157
4/22/2022,35,20,8,17,15,8,99
4/23/2022,38,19,9,12,14,5,107
4/24/2022,37,24,8,19,15,9,105
4/25/2022,45,23,7,20,15,9,124
4/26/2022,43,18,7,17,15,8,119
4/27/2022,35,16,7,13,14,6,99
4/28/2022,32,24,7,16,15,11,126
4/29/2022,46,19,6,14,14,5,127
4/30/2022,36,9,7,9,13,3,102
5/1/2022,16,12,9,14,13,4,59
5/2/2022,23,23,9,20,13,5,74
5/3/2022,43,33,15,27,13,7,119
5/4/2022,66,37,14,31,13,8,156
5/5/2022,62,59,12,28,14,9,154
5/6/2022,102,31,6,18,13,7,175
5/7/2022,49,25,6,14,13,6,134
5/8/2022,39,27,6,12,13,5,110
5/9/2022,43,30,6,14,13,8,119
5/10/2022,46,44,8,21,14,10,127
5/11/2022,68,31,8,22,14,9,157
5/12/2022,49,44,10,13,14,10,134
5/13/2022,67,33,9.083333333,19.5,13.33333333,7.333333333,157
5/14/2022,51.76923077,33,9.083333333,19.5,13.33333333,7.333333333,141
5/15/2022,51.76923077,33,9.083333333,19.5,13.33333333,7.333333333,141
5/16/2022,51.76923077,33,9.083333333,19.5,13.33333333,7.333333333,141
5/17/2022,51.76923077,33,9.083333333,19.5,13.33333333,7.333333333,141
5/18/2022,51.76923077,33,9.083333333,19.5,13.33333333,7.333333333,141
5/19/2022,51.76923077,33,9.083333333,19.5,13.33333333,7.333333333,141
5/20/2022,51.76923077,33,9.083333333,19.5,13.33333333,7.333333333,141
5/21/2022,51.76923077,33,9.083333333,19.5,13.33333333,7.333333333,141
5/22/2022,51.76923077,33,9.083333333,19.5,13.33333333,7.333333333,141
5/23/2022,51.76923077,33,9.083333333,19.5,13.33333333,7.333333333,141
5/24/2022,51.76923077,33,9.083333333,19.5,13.33333333,7.333333333,141
5/25/2022,51.76923077,33,9.083333333,19.5,13.33333333,7.333333333,141
5/26/2022,51.76923077,33,9.083333333,19.5,13.33333333,7.333333333,141
5/27/2022,51.76923077,33,9.083333333,19.5,13.33333333,7.333333333,141
5/28/2022,51.76923077,33,9.083333333,19.5,13.33333333,7.333333333,141
5/29/2022,51.76923077,33,9.083333333,19.5,13.33333333,7.333333333,141
5/30/2022,51.76923077,33,9.083333333,19.5,13.33333333,7.333333333,141
5/31/2022,51.76923077,33,9.083333333,19.5,13.33333333,7.333333333,141
6/1/2022,31.85714286,23.13333333,9,23.53333333,14,5.066666667,93
6/2/2022,31.85714286,23.13333333,9,23.53333333,14,5.066666667,93
6/3/2022,31.85714286,23.13333333,9,23.53333333,14,5.066666667,93
6/4/2022,31.85714286,23.13333333,9,23.53333333,14,5.066666667,93
6/5/2022,31.85714286,23.13333333,9,23.53333333,14,5.066666667,93
6/6/2022,31.85714286,23.13333333,9,23.53333333,14,5.066666667,93
6/7/2022,31.85714286,23.13333333,9,23.53333333,14,5.066666667,93
6/8/2022,31.85714286,23.13333333,9,23.53333333,14,5.066666667,93
6/9/2022,31.85714286,23.13333333,9,23.53333333,14,5.066666667,93
6/10/2022,31.85714286,23.13333333,9,23.53333333,14,5.066666667,93
6/11/2022,31.85714286,23.13333333,9,23.53333333,14,5.066666667,93
6/12/2022,31.85714286,23.13333333,9,23.53333333,14,5.066666667,93
6/13/2022,31.85714286,23.13333333,9,23.53333333,14,5.066666667,93
6/14/2022,31.85714286,23.13333333,9,23.53333333,14,5.066666667,93
6/15/2022,31.85714286,23.13333333,9,23.53333333,14,5.066666667,93
6/16/2022,31.85714286,17,7,18,14,7,93
6/17/2022,18,22,9,18,14,7,76
6/18/2022,27,23,8,18,14,6,82
6/19/2022,30,28,8,21,14,6,89
6/20/2022,35,25,7,21,14,3,99
6/21/2022,30,23,10,24,14,3,89
6/22/2022,31,29,11,28,14,7,91
6/23/2022,46,25,7,22,14,3,127
6/24/2022,38,17,6,19,14,2,107
6/25/2022,23,21,7,21,14,2,74
6/26/2022,31,17,7,23,14,4,91
6/27/2022,21,23,13,36,14,9,96
6/28/2022,32,29,16,28,14,6,93
6/29/2022,44,25,8,32,14,8,122
6/30/2022,40,23,11,24,14,3,112
7/1/2022,37,17,9,21,14,3,105
7/2/2022,24,15,11,22,14,3,76
7/3/2022,21,22,11,28,14,5,70
7/4/2022,33,22,8,27,14,8,95
7/5/2022,32,33,10,31,14,9,96
7/6/2022,53,19,6,23,14,10,144
7/7/2022,28,25,6,27,14,10,109
7/8/2022,39,32,6,25,14,9,110
7/9/2022,51,26,8,21,14,4,139
7/10/2022,43,20,6,25,14,5,119
7/11/2022,31,19,6,25,15,8,91
7/12/2022,30,20,7,24,15,7,89
7/13/2022,30,22,6,23,15,5,89
7/14/2022,36,13,6,23,15,5,102
7/15/2022,21,12,6,20,14,4,70
7/16/2022,18,13,7,21,15,4,63
7/17/2022,20,19,6,29,15,9,96
7/18/2022,29,16,5,23,15,7,87
7/19/2022,24,17,5,23,15,9,96
7/20/2022,25,22,5,20,15,9,96
7/21/2022,36,17,2,23,15,9,102
7/22/2022,27,21,2,23,15,3,82
7/23/2022,35,14,2,20,15,3,99
7/24/2022,21,14,2,21,15,4,70
7/25/2022,21,15,2,21,15,4,70
7/26/2022,22,14,2,20,15,3,72
7/27/2022,20,19,3,26,15,7,76
7/28/2022,28,23,3,28,15,7,84
7/29/2022,36,22,5,30,15,7,102
7/30/2022,35,15,2,27,15,4,99
7/31/2022,23,19,3,27,15,6,74
8/1/2022,31,19,3,29,16,7,91
8/2/2022,31,18,5,29,15,7,91
8/3/2022,29,19,3,29,15,7,87
8/4/2022,28,17,4,30,15,6,84
8/5/2022,27,16,2,27,15,11,126
8/6/2022,26,20,3,25,15,7,80
8/7/2022,33,18,6,21,15,6,95
8/8/2022,29,12,7,23,15,5,87
8/9/2022,20,14,8,20,15,4,68
8/10/2022,23,7,6,17,15,6,74
8/11/2022,12,14,5,27,15,15,193
8/12/2022,22,23,8,30,15,10,109
8/13/2022,36,14,7,24,15,8,102
8/14/2022,22,13,5,26,15,9,96
8/15/2022,18,17,8,30,15,9,96
8/16/2022,23,17,6,26,15,9,96
8/17/2022,24,18,11,27,15,7,76
8/18/2022,26,18,14,29,15,8,86
8/19/2022,27,11,7,24,15,6,82
8/20/2022,18,8,5,20,15,8,86
8/21/2022,14,9,5,24,15,9,96
8/22/2022,13,16,5,25,15,11,126
8/23/2022,25,23,14,31,15,8,86
8/24/2022,37,22,7,27,15,9,105
8/25/2022,38,9,7,17,15,6,107
8/26/2022,14,13,7,24,15,8,86
8/27/2022,19,12,7,19,15,5,66
8/28/2022,19,12,7,18,15,6,66
8/29/2022,18,16,5,26,15,9,96
8/30/2022,23,19,6,33,15,11,126
8/31/2022,29,21,8,21,15,4,87
9/1/2022,36,18,12,21,15,4,102
9/2/2022,30,23,13,30,15,7,89
9/3/2022,38,19,9,21,15,4,107
9/4/2022,32,16,11,29,15,9,96
9/5/2022,24,26,18,32,15,7,76
9/6/2022,41,35,18,35,15,8,115
9/7/2022,57,19,7,19,15,5,152
9/8/2022,35,18,6,26,15,10,109
9/9/2022,30,26,10,29,15,9,96
9/10/2022,42,22,6,29,15,8,117
9/11/2022,36,24,11,35,15,10,109
9/12/2022,36,31,19,29,15,7,102
9/13/2022,51,39,18,34,15,9,139
9/14/2022,65,27,8,35,16,9,156
9/15/2022,44,25,4,29,16,14,176
9/16/2022,39,27,4,33,16,10,110
9/17/2022,42,34,16,35,16,10,117
9/18/2022,60,22,14,33,16,9,153
9/19/2022,37,28,11,28,16,7,105
9/20/2022,46,24,8,28,16,7,127
9/21/2022,41,23,5,33,16,10,115
9/22/2022,38,21,14,25,15,5,107
9/23/2022,37,21,10,21,16,4,105
9/24/2022,41,23,11,22,15,4,115
9/25/2022,42,25,14,33,16,11,126
9/26/2022,43,36,17,32,16,11,126
9/27/2022,62,36,7,26,16,6,154
9/28/2022,65,24,7,25,16,8,156
9/29/2022,44,17,5,21,16,10,122
9/30/2022,30,17,5,21,16,11,126
10/1/2022,29,15,5,20,16,8,87
10/2/2022,22,23,6,24,16,11,126
10/3/2022,37,28,7,28,16,10,109
10/4/2022,44,27,6,30,16,8,122
10/5/2022,41,28,7,31,16,10,115
10/6/2022,44,27,6,33,16,12,143
10/7/2022,41,24,8,32,16,9,115
10/8/2022,37,20,6,22,16,4,105
10/9/2022,33,14,10,23,16,5,95
10/10/2022,19,37,14,26,16,6,66
10/11/2022,60,34,20,37,16,6,153
10/12/2022,49,35,22,40,16,10,134
10/13/2022,52,42,20,33,17,6,142
10/14/2022,70,35,23,34,16,7,158
10/15/2022,55,40,19,31,16,6,149
10/16/2022,70,24,20,27,16,5,158
10/17/2022,38,31,25,29,16,4,107
10/18/2022,48,35,14,31,16,6,132
10/19/2022,59,12,10,18,16,2,153
10/20/2022,24,15,4,22,16,5,76
10/21/2022,27,30,8,29,16,12,143
10/22/2022,48,42,12,34,17,12,143
10/23/2022,66,48,19,36,17,9,156
10/24/2022,86,36,14,37,16,9,167
10/25/2022,60,46,10,34,16,9,153
10/26/2022,80,34,6,31,17,9,164
10/27/2022,50,39,8,44,17,12,143
10/28/2022,55,48,21,40,17,9,149
10/29/2022,84,39,16,30,16,7,166
10/30/2022,70,18,10,22,17,4,158
10/31/2022,29,21,13,28,17,6,87
11/1/2022,30,29,17,38,17,12,143
11/2/2022,47,5,20,45,18,15,193
11/3/2022,11,5,17,40,19,11,126
11/4/2022,10,4,19,32,18,6,66
11/5/2022,8,5,22,35,18,7,76
11/6/2022,9,26,7,47,18,12,143
11/7/2022,43,54,18,37,18,9,119
11/8/2022,101,49,18,35,18,8,174
11/9/2022,92,44,2,36,19,12,170
11/10/2022,77,38,2,34,19,11,162
11/11/2022,66,28,4,33,19,10,156
11/12/2022,44,36,3,33,19,9,122
11/13/2022,60,34,4,37,19,15,193
11/14/2022,53,28,2,29,19,11,144
11/15/2022,47,21,3,28,19,9,129
11/16/2022,34,16,3,22,19,9,97
11/17/2022,25,19,3,25,18,9,96
11/18/2022,29,22,3,28,17,11,126
11/19/2022,33,26,7,24,17,7,95
11/20/2022,42,41,4,37,17,11,126
11/21/2022,67,41,7,31,17,8,157
11/22/2022,73,35,6,26,17,8,160
11/23/2022,62,21,2,19,17,5,154
11/24/2022,38,24,1,21,17,8,107
11/25/2022,40,27,2,18,17,10,112
11/26/2022,45,17,3,17,17,3,124
11/27/2022,26,15,3,20,17,6,80
11/28/2022,21,19,4,21,17,7,76
11/29/2022,28,13,3,17,17,6,84
11/30/2022,19,1,1,13,17,3,66
12/1/2022,3,12,4,15,17,3,34
12/2/2022,22,22,5,23,17,5,72
12/3/2022,38,17,2,14,17,3,107
12/4/2022,30,13,3,17,17,4,89
12/5/2022,20,34,5,28,17,8,86
12/6/2022,58,39,7,24,17,5,152
12/7/2022,71,27,2,18,17,5,159
12/8/2022,50,26,2,17,17,4,137
12/9/2022,49,23,2,17,17,4,134
12/10/2022,43,33,7,26,17,7,119
12/11/2022,57,35,15,32,17,11,152
12/12/2022,64,34,11,45,17,9,155
12/13/2022,56,31,17,33,17,7,151
12/14/2022,53,35,14,47,18,9,144
12/15/2022,59,40,22,44,18,9,153
12/16/2022,72,19,13,25,17,4,160
12/17/2022,31,13,15,25,17,3,91
12/18/2022,21,30,14,41,17,8,86
12/19/2022,52,41,9,49,17,9,142
12/20/2022,70,29,18,40,18,13,159
12/21/2022,49,40,17,41,18,9,134
12/22/2022,71,28,8,45,18,8,159
12/23/2022,49,21,16,44,18,8,134
12/24/2022,39,19,8,42,18,7,110
12/25/2022,36,11,6,43,18,10,109
12/26/2022,23,9,5,43,18,10,109
12/27/2022,19,10,4,27,18,4,66
12/28/2022,20,19,5,17,18,4,68
12/29/2022,53,33,5,21,18,5,144
12/30/2022,94,47,5,23,18,5,171
12/31/2022,129,54,11,32,18,7,189
1/1/2023,144,66,8,28,18,6,197
1/2/2023,164,59,4,29,18,8,214
1/3/2023,123,100,3,37,18,11,186
1/4/2023,173,81,5,31,18,8,223
1/5/2023,153,56,9,20,18,4,203
1/6/2023,97,75,10,36,18,11,172
1/7/2023,137,118,11,43,18,10,193
1/8/2023,197,114,10,39,18,11,247
1/9/2023,195,104,3,31,18,9,245
1/10/2023,178,81,2,21,18,10,228
1/11/2023,148,57,1,19,18,10,199
1/12/2023,98,62,2,23,18,11,173
1/13/2023,108,77,10,24,18,9,178
1/14/2023,136,62,5,16,18,6,193
1/15/2023,107,33,6,13,17,5,178
1/16/2023,50,62,6,8,18,4,137
1/17/2023,102,65,9,9,18,6,175
1/18/2023,108,91,7,10,18,8,178
1/19/2023,160,99,7,9,18,9,210
1/20/2023,177,121,17,14,18,7,227
1/21/2023,197,120,8,14,18,7,247
1/22/2023,207,86,4,15,18,5,257
1/23/2023,151,50,13,10,17,2,201
1/24/2023,68,67,11,12,18,3,157
1/25/2023,112,82,7,9,18,5,180
1/26/2023,143,72,10,10,18,4,196
1/27/2023,127,68,14,12,18,4,188
1/28/2023,107,88,16,15,18,9,178
1/29/2023,150,115,14,28,18,7,200
1/30/2023,187,89,7,36,18,9,237
1/31/2023,155,75,7,35,18,9,205
2/1/2023,136,64,2,29,18,9,193
2/2/2023,107,71,11,32.25,20.25,6.95,178
2/3/2023,111.65,71,11,32.25,20.25,6.95,180
2/4/2023,111.65,71,11,32.25,20.25,6.95,180
2/5/2023,111.65,71,11,32.25,20.25,6.95,180
2/6/2023,111.65,71,11,32.25,20.25,6.95,180
2/7/2023,111.65,71,11,32.25,20.25,6.95,180
2/8/2023,111.65,71,11,32.25,20.25,6.95,180
2/9/2023,111.65,51,5,24,20,7,180
2/10/2023,57,40,7,16,20,3,152
2/11/2023,52,51,7,20,19,4,142
2/12/2023,68,61,7,31,20,10,157
2/13/2023,88,55,7,23,20,5,168
2/14/2023,71,61,11,23,20,4,159
2/15/2023,100,73,11,27,20,5,174
2/16/2023,130,111,8,41,21,10,189
2/17/2023,179,79,7,42,21,9,229
2/18/2023,129,84,7,26,20,5,189
2/19/2023,145,69,17,29,20,7,197
2/20/2023,121,87,13,46,20,10,185
2/21/2023,149,71,14,38,20,8,199
2/22/2023,99,74,9,41,20,8,173
2/23/2023,99,71,11,32.25,20.25,6.95,173
2/24/2023,111.65,49,22,33,20,7,180
2/25/2023,70,73,25,31,21,4,158
2/26/2023,123,94,20,42,21,7,186
2/27/2023,159,92,15,44,22,8,209
2/28/2023,151,81,6,39,22,9,201
3/1/2023,123,110,25,38,22,7,186
3/2/2023,183,110,17,45,20,8,233
3/3/2023,172,77,11.96551724,26,17,4,222
3/4/2023,128,98,11.96551724,32,17,6,188
3/5/2023,167,91,19,39,17,7,217
3/6/2023,143,71,19,33,17,6,196
3/7/2023,98,68,14,38,18,11,173
3/8/2023,88,90,19,29,18,6,168
3/9/2023,148,88,12,32,18,6,199
3/10/2023,133,73,7,34,18,9,191
3/11/2023,104,79,15,34,18,6,176
3/12/2023,122,73,19,16,17,2,185
3/13/2023,67,94,21,29,17,4,157
3/14/2023,118,97,12,37,18,9,183
3/15/2023,136,64,11,26,18,5,193
3/16/2023,76,56,9,25,18,7,162
3/17/2023,65,56,8,25,17,5,156
3/18/2023,64,52,8,19,17,3,155
3/19/2023,60,53,8,21,17,5,153
3/20/2023,66,60,9,31,18,11,156
3/21/2023,87,78,15,31,18,8,167
3/22/2023,132,78,15,33,18,10,190
3/23/2023,117,77,11,31,18,9,183
3/24/2023,120,66,11,26,18,9,184
3/25/2023,90,51,6,18,19,4,169
3/26/2023,56,44,7,19,19,5,151
3/27/2023,54,57,7,22,19,5,147
3/28/2023,67,50,8,21,19,6,157
3/29/2023,69,60,5,26,19,7,158
3/30/2023,79,88,5,41,20,14,176
3/31/2023,135,68,5,37,21,13,192
4/1/2023,104,49,9,26,20,9,176
4/2/2023,69,54,11,25,18,9,158
4/3/2023,72,70,12,30,19,12,160
4/4/2023,95,77,12,30,18,8,171
4/5/2023,121,70,13,27,18,8,185
4/6/2023,105,69,10,31,18,7,177
4/7/2023,91,73,15,24,18,3,169
4/8/2023,103,71,9,28,19,6,176
4/9/2023,108,59,5,33,19,10,178
4/10/2023,99,61,7,31,19,11,173
4/11/2023,101,60,9,32,19,12,174
4/12/2023,94,45,10,28,18,8,171
4/13/2023,61,48,11,32,18,13,159
4/14/2023,71,68,12,31,18,11,159
4/15/2023,105,74,10,34,18,9,177
4/16/2023,99,70,12,25,17,6,173
4/17/2023,100,60,13,24,18,13,174
4/18/2023,84,83,19,27,18,11,166
4/19/2023,122,87,18,40,19,12,185
4/20/2023,127,85,17,40,18,11,188
4/21/2023,130,77,17,24,18,8,189
4/22/2023,109,61,17,21,17,5,179
4/23/2023,83,59,18,21,18,7,165
4/24/2023,72,46,16,25,17,4,160
4/25/2023,42,55,12,29,18,5,117
4/26/2023,68,66,13,32,18,5,157
4/27/2023,96,54,12,22,18,5,172
4/28/2023,58,46,12,25,18,4,152
4/29/2023,41,57,12,25,18,3,115
4/30/2023,53,80,22,26,18,3,144
5/1/2023,100,67,16,21,18,2,174
5/2/2023,70,45,14,14,17,1,158
5/3/2023,45,49,20,16,17,5,124
5/4/2023,60,63,25,24,18,8,153
5/5/2023,77,72,31,22,18,6,162
5/6/2023,99,66,25,21,18,4,173
5/7/2023,90,47,69,27,18,5,169
5/8/2023,51,58,25,30,19,10,139
5/9/2023,83,54,34,26,18,9,165
5/10/2023,74,44,60,32,18,7,161
5/11/2023,40,40,14,26,18,7,112
5/12/2023,41,32,18,18,18,2,115
5/13/2023,35,39,19,25,18,6,99
5/14/2023,56,52,33,29,18,6,151
5/15/2023,67,50,36,23,18,6,157
5/16/2023,65,72,39,29,18,7,156
5/17/2023,103,81,36,24,19,8,176
5/18/2023,122,67,38,44,19,8,185
5/19/2023,96,68,102,24,18,6,192
5/20/2023,104,63,102,21,18,5,192
5/21/2023,92,67,126,24,18,8,222
5/22/2023,95,65,103,27,18,6,195
5/23/2023,91,62,74,21,18,5,169
5/24/2023,90,51,53,33,18,9,169
5/25/2023,59,50,46,25,19,9,153
5/26/2023,56,47,61,22,18,7,151
5/27/2023,49,39,55,18,18,5,134
5/28/2023,46,53,77,33,18,8,127
5/29/2023,62,58,49,31,19,8,154
5/30/2023,69,62,41,27,19,7,158
5/31/2023,86,61,80,23,19,7,167
6/1/2023,95,61,92,32,19,9,171
6/2/2023,82,57,34,25,18,6,165
6/3/2023,72,59,36,30,18,6,160
6/4/2023,75,57,28,33,19,10,161
6/5/2023,83,55,37,21,19,7,165
6/6/2023,77,52,60,23,19,5,162
6/7/2023,75,65,40,31,19,9,161
6/8/2023,114,40,25,22,18,8,181
6/9/2023,47,61,24,32,18,9,129
6/10/2023,89,67,29,19,18,5,168
6/11/2023,115,65,22,29,19,12,182
6/12/2023,101,49,26,20,18,5,174
6/13/2023,78,35,15,19,18,6,163
6/14/2023,42,44,40,26,18,9,117
6/15/2023,51,53,135,34,18,9,232
6/16/2023,58,49,49.57894737,24,18,6,152
6/17/2023,47,39,49.57894737,22,18,7,129
6/18/2023,41,55,49.57894737,29,19,10,115
6/19/2023,54,57,21,30,19,10,147
6/20/2023,66,56,127,31,19,10,223
6/21/2023,62,65,138,37,19,13,235
6/22/2023,78,41,13,22,18,6,163
6/23/2023,49,40,49.57894737,24,19,11,134
6/24/2023,45,22,49.57894737,20,18,7,124
6/25/2023,25,50,49.57894737,28,19,12,143
6/26/2023,60,53,49.57894737,27,19,10,153
6/27/2023,57,35,49.57894737,20,19,6,152
6/28/2023,36,36,49.57894737,17,18,5,102
6/29/2023,41,47,49.57894737,25,18,8,115
6/30/2023,50,52,49.57894737,25,18,8,137
7/1/2023,61,52,13,22,18,8,154
7/2/2023,56,54,13,29,19,11,151
7/3/2023,64,47,13,24,19,7,155
7/4/2023,57,49,13,27,19,10,152
7/5/2023,51,44,13,19,19,6,139
7/6/2023,41,39,13,21,19,4,115
7/7/2023,34,36,13,18,19,5,97
7/8/2023,35,39,13,26,19,6,99
7/9/2023,30,46,13,28,19,7,89
7/10/2023,46,44,16,27,19,7,127
7/11/2023,48,43,10,13,17,2,132
